[{"model": "users.profile", "pk": 2, "fields": {"user": 2, "username": "anu.rag__r", "name": "Anurag Ravi", "bio": "Navodayan+Dakshanite, IITG CSE 24,Passionate for photography", "verified": true, "dp": "profile-2/2022-05-20_200246.209224image_picker1486540881818920508.jpg", "followers": [4, 3, 6, 7, 12], "close_friends": [], "req_rec": [], "saved_posts": [1]}}, {"model": "users.profile", "pk": 3, "fields": {"user": 3, "username": "online_destroyed", "name": "Veer", "bio": "aji mera....beep...", "verified": false, "dp": "profile-3/2022-05-21_131252.139260image_picker1327364289742046533.png", "followers": [2, 4, 6], "close_friends": [], "req_rec": [], "saved_posts": []}}, {"model": "users.profile", "pk": 4, "fields": {"user": 4, "username": "kiranpragya2003@gmail.com", "name": "", "bio": "", "verified": false, "dp": "", "followers": [3, 2, 6], "close_friends": [], "req_rec": [], "saved_posts": [1]}}, {"model": "users.profile", "pk": 5, "fields": {"user": 6, "username": "adityakumarjnv2002@gmail.com", "name": "", "bio": "", "verified": false, "dp": "", "followers": [6, 2], "close_friends": [], "req_rec": [], "saved_posts": []}}, {"model": "users.profile", "pk": 6, "fields": {"user": 8, "username": "Mohit Chouhan", "name": "Mohit Chouhan", "bio": "Ken di hundi si🥲🥲                                                                    Chan tk rah bna de                                               aur                                                                                     fir sb khatam🚫", "verified": false, "dp": "", "followers": [2, 6, 3], "close_friends": [], "req_rec": [], "saved_posts": []}}, {"model": "users.profile", "pk": 7, "fields": {"user": 9, "username": "bishop8743@gmail.com", "name": "", "bio": "", "verified": false, "dp": "", "followers": [2, 6], "close_friends": [], "req_rec": [], "saved_posts": []}}, {"model": "users.profile", "pk": 8, "fields": {"user": 10, "username": "sumankumarnst@gmail.com", "name": "", "bio": "", "verified": false, "dp": "", "followers": [2, 6], "close_friends": [], "req_rec": [], "saved_posts": []}}, {"model": "users.profile", "pk": 9, "fields": {"user": 11, "username": "chandan.dak216@gmail.com", "name": "", "bio": "", "verified": false, "dp": "", "followers": [2, 6], "close_friends": [], "req_rec": [], "saved_posts": []}}, {"model": "users.profile", "pk": 10, "fields": {"user": 12, "username": "gaanamusic7@gmail.com", "name": "", "bio": "", "verified": false, "dp": "", "followers": [2], "close_friends": [], "req_rec": [], "saved_posts": []}}, {"model": "users.profile", "pk": 11, "fields": {"user": 15, "username": "Pragat.gupta777@gmail.com", "name": "", "bio": "", "verified": false, "dp": "", "followers": [2], "close_friends": [], "req_rec": [], "saved_posts": []}}, {"model": "users.profile", "pk": 12, "fields": {"user": 16, "username": "Sa8827619@gmail.com", "name": "sachin", "bio": "", "verified": false, "dp": "profile-12/2022-05-23_110158.922125image_picker5813183228429251440.jpg", "followers": [2], "close_friends": [], "req_rec": [], "saved_posts": []}}, {"model": "users.verifytable", "pk": 4, "fields": {"hash": "UDZjCfTuPMIrhuUKekxT", "email": "arvinddakshana20@gmail.com"}}, {"model": "users.verifytable", "pk": 12, "fields": {"hash": "tmNtoCzRuVNBANvvingL", "email": "mk8002275003@gmail.com"}}, {"model": "users.verifytable", "pk": 13, "fields": {"hash": "PLpGAxDlfSJhhDFpGBCW", "email": "ashu.dak20@gmail.com"}}, {"model": "feed.post", "pk": 1, "fields": {"creator": 2, "caption": "the first post........", "location": "Home as always", "image": "profile-2/posts/post-None.jpg", "timedate": "2022-05-20T14:33:29.005Z", "tags": [], "likes": [2, 4, 3, 12]}}, {"model": "feed.post", "pk": 2, "fields": {"creator": 4, "caption": "hostle", "location": "nitk", "image": "profile-4/posts/post-None.jpg", "timedate": "2022-05-20T16:55:28.884Z", "tags": [], "likes": [3, 2]}}, {"model": "feed.post", "pk": 3, "fields": {"creator": 3, "caption": "", "location": "", "image": "profile-3/posts/post-None.jpg", "timedate": "2022-05-21T00:09:08.918Z", "tags": [], "likes": [2, 3]}}, {"model": "feed.post", "pk": 4, "fields": {"creator": 2, "caption": "#iit_guwahati 😍😍😍", "location": "IIT Guwahati", "image": "profile-2/posts/post-None_QVODWu4.jpg", "timedate": "2022-05-21T01:25:45.041Z", "tags": [], "likes": [2, 3, 12]}}, {"model": "feed.post", "pk": 5, "fields": {"creator": 6, "caption": "chill🥴", "location": "", "image": "profile-6/posts/post-None.jpg", "timedate": "2022-05-21T04:29:34.354Z", "tags": [], "likes": [2, 3]}}, {"model": "feed.post", "pk": 6, "fields": {"creator": 3, "caption": "", "location": "", "image": "profile-3/posts/post-None_BDRImpi.jpg", "timedate": "2022-05-21T07:43:40.777Z", "tags": [], "likes": [3, 2]}}, {"model": "feed.post", "pk": 9, "fields": {"creator": 3, "caption": "", "location": "", "image": "profile-3/posts/post-None_EZHd3Pj.gif", "timedate": "2022-05-21T07:44:31.252Z", "tags": [], "likes": [3, 2]}}, {"model": "feed.post", "pk": 11, "fields": {"creator": 3, "caption": "", "location": "", "image": "profile-3/posts/post-None_r7mCyTb.jpg", "timedate": "2022-05-21T07:45:57.325Z", "tags": [], "likes": [3, 2]}}, {"model": "feed.post", "pk": 12, "fields": {"creator": 3, "caption": "", "location": "", "image": "profile-3/posts/post-None_8EkZ7CU.jpg", "timedate": "2022-05-21T07:46:54.159Z", "tags": [], "likes": [3, 2, 4]}}, {"model": "feed.post", "pk": 13, "fields": {"creator": 2, "caption": "phool hai gulab ka, chameli ka mt smjhna😉", "location": "home", "image": "profile-2/posts/post-None_N0sHKTN.jpg", "timedate": "2022-05-21T09:37:06.888Z", "tags": [], "likes": [2, 3, 12, 4]}}, {"model": "feed.post", "pk": 14, "fields": {"creator": 11, "caption": "test", "location": "home", "image": "profile-11/posts/post-None.jpg", "timedate": "2022-05-21T11:08:05.440Z", "tags": [], "likes": [2]}}, {"model": "feed.post", "pk": 15, "fields": {"creator": 11, "caption": "test", "location": "home", "image": "profile-11/posts/post-None_y9Pc7T6.jpg", "timedate": "2022-05-21T11:08:21.459Z", "tags": [], "likes": [2]}}, {"model": "feed.post", "pk": 16, "fields": {"creator": 11, "caption": "test", "location": "home", "image": "profile-11/posts/post-None_xNKkdOk.jpg", "timedate": "2022-05-21T11:08:23.126Z", "tags": [], "likes": [2]}}, {"model": "feed.post", "pk": 17, "fields": {"creator": 11, "caption": "test", "location": "home", "image": "profile-11/posts/post-None_OgUtgFZ.jpg", "timedate": "2022-05-21T11:08:24.614Z", "tags": [], "likes": [2]}}, {"model": "feed.post", "pk": 18, "fields": {"creator": 4, "caption": "", "location": "", "image": "profile-4/posts/post-None_BMD5Rvh.jpg", "timedate": "2022-05-22T11:27:28.345Z", "tags": [], "likes": [3, 2]}}, {"model": "feed.comment", "pk": 1, "fields": {"commentor": 2, "content": "the first comment😍", "timedate": "2022-05-20T14:34:31.922Z", "replied_to": null, "post": 1, "likes": [2], "tags": []}}, {"model": "feed.comment", "pk": 3, "fields": {"commentor": 2, "content": "noice", "timedate": "2022-05-21T00:53:42.130Z", "replied_to": null, "post": 2, "likes": [], "tags": []}}, {"model": "feed.comment", "pk": 4, "fields": {"commentor": 2, "content": "hehehehe😂", "timedate": "2022-05-21T00:54:05.985Z", "replied_to": null, "post": 3, "likes": [2], "tags": []}}, {"model": "feed.comment", "pk": 5, "fields": {"commentor": 4, "content": "nice college ☺️", "timedate": "2022-05-21T06:12:45.055Z", "replied_to": null, "post": 4, "likes": [2], "tags": []}}, {"model": "feed.comment", "pk": 6, "fields": {"commentor": 4, "content": "🥺🥺 hey bhgwan", "timedate": "2022-05-21T06:13:05.671Z", "replied_to": null, "post": 3, "likes": [2], "tags": []}}, {"model": "feed.comment", "pk": 7, "fields": {"commentor": 2, "content": "😂😂😂😂😂", "timedate": "2022-05-21T08:23:52.047Z", "replied_to": null, "post": 6, "likes": [], "tags": []}}, {"model": "feed.comment", "pk": 8, "fields": {"commentor": 2, "content": "@pk 😊😊😊", "timedate": "2022-05-21T08:25:25.069Z", "replied_to": null, "post": 4, "likes": [], "tags": []}}, {"model": "feed.comment", "pk": 9, "fields": {"commentor": 3, "content": "maal ho tum....sheli ko mat smjhna", "timedate": "2022-05-22T19:22:57.010Z", "replied_to": null, "post": 13, "likes": [], "tags": []}}, {"model": "feed.comment", "pk": 10, "fields": {"commentor": 4, "content": "tastyyyy", "timedate": "2022-05-23T13:38:00.998Z", "replied_to": null, "post": 11, "likes": [], "tags": []}}, {"model": "feed.comment", "pk": 11, "fields": {"commentor": 2, "content": "😂😂😂😂😂😂😂", "timedate": "2022-05-23T13:39:46.872Z", "replied_to": null, "post": 13, "likes": [], "tags": []}}, {"model": "admin.logentry", "pk": 1, "fields": {"action_time": "2022-05-20T14:01:08.045Z", "user": 1, "content_type": 1, "object_id": "1", "object_repr": "bb profile", "action_flag": 1, "change_message": "[{\"added\": {}}]"}}, {"model": "admin.logentry", "pk": 2, "fields": {"action_time": "2022-05-20T14:14:17.143Z", "user": 1, "content_type": 1, "object_id": "1", "object_repr": "bb profile", "action_flag": 3, "change_message": ""}}, {"model": "admin.logentry", "pk": 3, "fields": {"action_time": "2022-05-20T15:21:37.622Z", "user": 1, "content_type": 1, "object_id": "2", "object_repr": "anu.rag__r profile", "action_flag": 2, "change_message": "[{\"changed\": {\"fields\": [\"Verified\"]}}]"}}, {"model": "admin.logentry", "pk": 4, "fields": {"action_time": "2022-05-21T05:02:45.255Z", "user": 1, "content_type": 11, "object_id": "7", "object_repr": "mohit123@gmail.com", "action_flag": 3, "change_message": ""}}, {"model": "admin.logentry", "pk": 5, "fields": {"action_time": "2022-05-22T04:39:09.381Z", "user": 1, "content_type": 2, "object_id": "6", "object_repr": "VerifyTable object (6)", "action_flag": 3, "change_message": ""}}, {"model": "auth.user", "pk": 1, "fields": {"password": "pbkdf2_sha256$320000$UHhNuSRHYgI6QckuIYFMn1$MY6y9jT9NKApUhoFAF7QbvNQ1kA/Z4Yr93sn3swftxk=", "last_login": "2022-05-20T15:21:20.851Z", "is_superuser": true, "username": "bb", "first_name": "", "last_name": "", "email": "bb@bb.com", "is_staff": true, "is_active": true, "date_joined": "2022-05-20T12:46:56.889Z", "groups": [], "user_permissions": []}}, {"model": "auth.user", "pk": 2, "fields": {"password": "pbkdf2_sha256$320000$d0EXdWltM8siNCiqJnofLo$CjUt1XxjeBaIGlRiy5WbkLOC9aPR4c9Jlunij98+8lc=", "last_login": null, "is_superuser": false, "username": "kumarayush1014@gmail.com", "first_name": "", "last_name": "", "email": "kumarayush1014@gmail.com", "is_staff": false, "is_active": true, "date_joined": "2022-05-20T14:30:22.905Z", "groups": [], "user_permissions": []}}, {"model": "auth.user", "pk": 3, "fields": {"password": "pbkdf2_sha256$320000$x2XbCymXyTY4T45UpCzdTD$IioQnCbd65bTWnbSSbe5TRbV3uBVcVPuxPbdXRZy7wA=", "last_login": null, "is_superuser": false, "username": "singhveerbahadur18@gmail.com", "first_name": "", "last_name": "", "email": "singhveerbahadur18@gmail.com", "is_staff": false, "is_active": true, "date_joined": "2022-05-20T15:54:46.823Z", "groups": [], "user_permissions": []}}, {"model": "auth.user", "pk": 4, "fields": {"password": "pbkdf2_sha256$320000$IVw3SaVXwINiLCNhJcAsW5$Nps+WG7Ac8NiQsoYYGNqYrjZW7T+lDdzwL9T8ZDT3oI=", "last_login": null, "is_superuser": false, "username": "kiranpragya2003@gmail.com", "first_name": "", "last_name": "", "email": "kiranpragya2003@gmail.com", "is_staff": false, "is_active": true, "date_joined": "2022-05-20T16:52:54.521Z", "groups": [], "user_permissions": []}}, {"model": "auth.user", "pk": 5, "fields": {"password": "pbkdf2_sha256$320000$Ws6X1Zqz4KGywvHmuE2LHY$1l8WGYud5LFarP5pZ52kSHx3CaLl2+U028IgCNIXQuE=", "last_login": null, "is_superuser": false, "username": "arvinddakshana20@gmail.com", "first_name": "", "last_name": "", "email": "arvinddakshana20@gmail.com", "is_staff": false, "is_active": false, "date_joined": "2022-05-21T04:17:21.614Z", "groups": [], "user_permissions": []}}, {"model": "auth.user", "pk": 6, "fields": {"password": "pbkdf2_sha256$320000$QTtRHgbTpsHED9rbR1DYKP$RTMbVSZXu4nZzBn9pA6Ri6/dl7L2NrVYHk3/n6SXkGg=", "last_login": null, "is_superuser": false, "username": "adityakumarjnv2002@gmail.com", "first_name": "", "last_name": "", "email": "adityakumarjnv2002@gmail.com", "is_staff": false, "is_active": true, "date_joined": "2022-05-21T04:18:47.797Z", "groups": [], "user_permissions": []}}, {"model": "auth.user", "pk": 8, "fields": {"password": "pbkdf2_sha256$320000$SKWLyw0Qiw6diyD6MiNBX6$COeRpSQyoEzf/R2iWDsGr/7eWAup+IN+HOWqo7rtV/U=", "last_login": null, "is_superuser": false, "username": "mchouhan.daan20@gmail.com", "first_name": "", "last_name": "", "email": "mchouhan.daan20@gmail.com", "is_staff": false, "is_active": true, "date_joined": "2022-05-21T04:25:15.349Z", "groups": [], "user_permissions": []}}, {"model": "auth.user", "pk": 9, "fields": {"password": "pbkdf2_sha256$320000$DSgUVuq40qO75ptUiY12uU$NOoBcgoqtm48S569dUVKqvZ38SUkMBiYZxJsV+4dikk=", "last_login": null, "is_superuser": false, "username": "bishop8743@gmail.com", "first_name": "", "last_name": "", "email": "bishop8743@gmail.com", "is_staff": false, "is_active": true, "date_joined": "2022-05-21T04:26:55.090Z", "groups": [], "user_permissions": []}}, {"model": "auth.user", "pk": 10, "fields": {"password": "pbkdf2_sha256$320000$R4G1DBYhsXyji3BCrVdSEo$N09BJprPg05ygA6WgcqIdSasKPIB6XrXx3EbyKQINz4=", "last_login": null, "is_superuser": false, "username": "sumankumarnst@gmail.com", "first_name": "", "last_name": "", "email": "sumankumarnst@gmail.com", "is_staff": false, "is_active": true, "date_joined": "2022-05-21T04:28:42.436Z", "groups": [], "user_permissions": []}}, {"model": "auth.user", "pk": 11, "fields": {"password": "pbkdf2_sha256$320000$ltAPVcTmsVoo1gybQjdEoi$+YnVg4C2GDj/ozPauK2e78Ol6NsZjVBEy2HNL7MqwB0=", "last_login": null, "is_superuser": false, "username": "chandan.dak216@gmail.com", "first_name": "", "last_name": "", "email": "chandan.dak216@gmail.com", "is_staff": false, "is_active": true, "date_joined": "2022-05-21T04:33:27.561Z", "groups": [], "user_permissions": []}}, {"model": "auth.user", "pk": 12, "fields": {"password": "pbkdf2_sha256$320000$FBOXa6IhyvYBG4i5BmgGvO$vMlQEEmRys6a3EWWVmr/TQxMCZ6vz5MD7hiawMsgVIk=", "last_login": null, "is_superuser": false, "username": "gaanamusic7@gmail.com", "first_name": "", "last_name": "", "email": "gaanamusic7@gmail.com", "is_staff": false, "is_active": true, "date_joined": "2022-05-21T04:41:33.922Z", "groups": [], "user_permissions": []}}, {"model": "auth.user", "pk": 13, "fields": {"password": "pbkdf2_sha256$320000$Mw8WRNSjfOU2syU9njhfZq$SKRxJiohYwGjE5BAclQWCaA0W31Gl8IF3RBTWuMunN8=", "last_login": null, "is_superuser": false, "username": "mk8002275003@gmail.com", "first_name": "", "last_name": "", "email": "mk8002275003@gmail.com", "is_staff": false, "is_active": false, "date_joined": "2022-05-21T04:41:50.089Z", "groups": [], "user_permissions": []}}, {"model": "auth.user", "pk": 14, "fields": {"password": "pbkdf2_sha256$320000$MXXTEUZcwNOf0F1xobjETi$esgVvlboqmVrj/Lttz5VTb//IM+smdHgn1XgnFfmfaY=", "last_login": null, "is_superuser": false, "username": "ashu.dak20@gmail.com", "first_name": "", "last_name": "", "email": "ashu.dak20@gmail.com", "is_staff": false, "is_active": false, "date_joined": "2022-05-21T05:18:25.937Z", "groups": [], "user_permissions": []}}, {"model": "auth.user", "pk": 15, "fields": {"password": "pbkdf2_sha256$320000$MAt16T5A3GR26SFPiQ13hZ$K9hiu6pouiIZ1f8imInIdnNzgXXIBmftUJiytn9Q84M=", "last_login": null, "is_superuser": false, "username": "Pragat.gupta777@gmail.com", "first_name": "", "last_name": "", "email": "Pragat.gupta777@gmail.com", "is_staff": false, "is_active": true, "date_joined": "2022-05-21T11:05:04.841Z", "groups": [], "user_permissions": []}}, {"model": "auth.user", "pk": 16, "fields": {"password": "pbkdf2_sha256$320000$kiYAx3QAsXOOMw6fukWTSy$rObqEicvS2ObWhvTbvvblBLuSF2jwxDOvhOrN0WXSYM=", "last_login": null, "is_superuser": false, "username": "Sa8827619@gmail.com", "first_name": "", "last_name": "", "email": "Sa8827619@gmail.com", "is_staff": false, "is_active": true, "date_joined": "2022-05-23T05:28:54.008Z", "groups": [], "user_permissions": []}}, {"model": "sessions.session", "pk": "iyvz1ycbebfe0mp1s4p4jl2yr6snsi2r", "fields": {"session_data": ".eJxVjEEOwiAQRe_C2hBG6QAu3XuGZmAGqRpISrsy3l2bdKHb_977LzXSupRx7TKPE6uzAnX43SKlh9QN8J3qrenU6jJPUW-K3mnX18byvOzu30GhXr41mhRDBPDA-WT5mBlh8Di4kJBFsiAn642BDGRtMJ7JOTLkCYgDRvX-AOhIODA:1ns4RM:wbLstBCR8Kna4usS7g05SFGRXPMHG8wbkBOfRJSC0_8", "expire_date": "2022-06-03T15:21:20.852Z"}}, {"model": "sessions.session", "pk": "pwu7027vnfuc8y2c81yuu775yealj8ll", "fields": {"session_data": ".eJxVjEEOwiAQRe_C2hBG6QAu3XuGZmAGqRpISrsy3l2bdKHb_977LzXSupRx7TKPE6uzAnX43SKlh9QN8J3qrenU6jJPUW-K3mnX18byvOzu30GhXr41mhRDBPDA-WT5mBlh8Di4kJBFsiAn642BDGRtMJ7JOTLkCYgDRvX-AOhIODA:1ns25i:XzPNeWiiFpBt2PTl-3HpecuPYfA5BLjWBAZdKo10DTw", "expire_date": "2022-06-03T12:50:50.304Z"}}]